city,Country,Date,Latitude,Longitude,Cloudiness,Humidity,Max_Temp,Wind_Speed
punta arenas,CL,1615977347,-53.15,-70.9167,90,71,283.15,10.29
bluff,NZ,1615977041,-46.6,168.3333,22,80,281.48,0.45
chernyshevskiy,RU,1615977595,63.0128,112.4714,98,95,254.93,2.46
hobart,AU,1615977595,-42.8794,147.3294,0,67,289.15,1.03
bow island,CA,1615977596,49.8668,-111.3684,0,74,269.15,0.51
kahului,US,1615976810,20.8947,-156.47,40,94,293.15,4.63
ostrovnoy,RU,1615977597,68.0531,39.5131,71,87,262.35,6.24
calama,CL,1615977598,-22.4667,-68.9333,0,75,279.15,7.2
sao filipe,CV,1615977118,14.8961,-24.4956,0,74,295.19,2.07
hilo,US,1615977008,19.7297,-155.09,75,83,294.15,2.57
ushuaia,AR,1615976739,-54.8,-68.3,0,71,281.15,3.09
busselton,AU,1615977600,-33.65,115.3333,2,79,297.04,2.24
marsh harbour,BS,1615977327,26.5412,-77.0636,6,83,295.51,5.65
iqaluit,CA,1615977115,63.7506,-68.5145,40,76,245.37,0.62
salalah,OM,1615976768,17.0151,54.0924,0,35,303.15,5.14
nikolskoye,RU,1615977043,59.7035,30.7861,90,93,273.71,2
jinchang,CN,1615977604,38.4953,102.1739,17,19,281.33,2.4
yellowknife,CA,1615977604,62.456,-114.3525,90,85,258.15,4.12
vaini,TO,1615977605,-21.2,-175.2,20,94,296.15,2.06
albany,US,1615977606,42.6001,-73.9662,59,58,272.59,0.53
waipawa,NZ,1615977607,-41.4122,175.5153,75,72,288.15,8.75
waddan,LY,1615977607,29.1614,16.139,25,29,292.31,1.58
barrow,US,1615976859,71.2906,-156.7887,20,71,251.15,5.66
yar-sale,RU,1615977609,66.8333,70.8333,97,94,255.37,5.34
kavaratti,IN,1615977609,10.5669,72.642,45,64,301.8,1.12
tuktoyaktuk,CA,1615976770,69.4541,-133.0374,0,95,246.85,2.31
chifeng,CN,1615977550,42.2683,118.9636,20,24,277.38,2.99
atuona,PF,1615977611,-9.8,-139.0333,43,71,299.63,3.08
palafrugell,ES,1615977140,41.9174,3.1631,2,20,289.26,7.55
ambovombe,MG,1615977612,-25.1667,46.0833,11,57,303.07,7.25
samarai,PG,1615977080,-10.6167,150.6667,34,78,301.25,4.21
kruisfontein,ZA,1615977104,-34.0033,24.7314,40,66,298.15,3.13
inirida,CO,1615977614,3.8653,-67.9239,96,97,294.89,0.52
avarua,CK,1615977040,-21.2078,-159.775,75,88,298.15,6.17
ancud,CL,1615977111,-41.8697,-73.8203,0,93,280.93,3.6
mataura,NZ,1615977616,-46.1927,168.8643,17,81,281.48,0.45
fort nelson,CA,1615977617,58.8053,-122.7002,40,74,269.15,2.06
north augusta,US,1615977617,33.5018,-81.9651,90,87,284.15,1.54
saskylakh,RU,1615977618,71.9167,114.0833,17,95,235.06,3.15
rikitea,PF,1615977619,-23.1203,-134.9692,100,74,298.01,4.67
iwanai,JP,1615977620,42.9744,140.5089,99,98,274.08,3.92
kapaa,US,1615977620,22.0752,-159.319,75,78,294.82,8.23
victoria,HK,1615977053,22.2855,114.1577,0,69,298.71,4.92
verkhnyaya toyma,RU,1615977622,62.2349,44.9985,100,99,273.96,1.77
hasaki,JP,1615977116,35.7333,140.8333,75,62,284.15,1.54
makakilo city,US,1615977623,21.3469,-158.0858,90,88,295.15,1.54
fortuna,US,1615977024,40.5982,-124.1573,1,100,275.93,3.09
richards bay,ZA,1615976887,-28.783,32.0377,18,60,302.6,1.66
damietta,EG,1615977625,31.4165,31.8133,0,40,293.15,6.17
airai,TL,1615977091,-8.9266,125.4092,100,96,290.16,0.24
hithadhoo,MV,1615977626,-0.6,73.0833,79,68,301.89,2.9
severo-kurilsk,RU,1615977627,50.6789,156.125,100,97,274.43,11.73
castro,BR,1615977067,-24.7911,-50.0119,73,91,292.42,1.29
georgetown,MY,1615977504,5.4112,100.3354,20,55,305.15,2.06
bredasdorp,ZA,1615977629,-34.5322,20.0403,75,57,297.15,5.14
longyearbyen,SJ,1615977215,78.2186,15.6401,0,46,254.15,6.69
superior,US,1615977630,46.7208,-92.1041,90,100,273.15,1.16
ridgecrest,US,1615977631,35.6225,-117.6709,1,56,279.26,2.57
college,US,1615976878,64.8569,-147.8028,75,78,256.48,2.57
acapulco,MX,1615977633,16.8634,-99.8901,22,87,295.87,1.97
port elizabeth,ZA,1615977634,-33.918,25.5701,75,73,296.15,3.6
riyadh,SA,1615977358,24.6877,46.7219,0,7,309.15,8.23
lebu,CL,1615977121,-37.6167,-73.65,0,83,284.52,4.88
carnarvon,AU,1615977636,-24.8667,113.6333,0,74,302.15,6.17
esperance,AU,1615977060,-33.8667,121.9,5,29,299.15,6.17
butaritari,KI,1615977637,3.0707,172.7902,35,78,300.03,5.85
aripuana,BR,1615977243,-9.1667,-60.6333,96,98,295.96,0.41
camacupa,AO,1615977638,-12.0167,17.4833,99,75,297.69,0.49
upernavik,GL,1615977639,72.7868,-56.1549,100,97,253.87,2.52
ishigaki,JP,1615977640,24.3448,124.1572,75,94,297.15,4.12
porto santo,PT,1615977641,33.072,-16.3415,20,77,291.15,7.72
ambon,ID,1615977641,-3.6954,128.1814,40,78,301.15,2.06
peniche,PT,1615977451,39.3558,-9.3811,14,45,292.59,8.49
alekseyevka,RU,1615977643,50.6309,38.6903,100,91,274.38,4.64
leshukonskoye,RU,1615977644,64.8989,45.7622,100,91,268.04,1.45
norman wells,CA,1615977054,65.282,-126.8329,20,76,244.15,1.03
gizo,SB,1615977645,-8.103,156.8419,85,72,301.45,1.87
elizabethtown,US,1615977595,37.694,-85.8591,1,100,281.15,2.06
general pico,AR,1615977646,-35.6566,-63.7568,28,71,286.23,6.44
boulder,US,1615977357,40.0833,-105.3505,90,93,274.15,2.45
bambous virieux,MU,1615977123,-20.3428,57.7575,75,62,303.15,5.66
cape town,ZA,1615977416,-33.9258,18.4232,0,50,299.26,4.12
iralaya,HN,1615977649,15,-83.2333,23,80,297.8,4.73
opuwo,NA,1615977649,-18.0607,13.84,76,45,299.82,2.5
dayong,CN,1615977264,25.0209,118.2898,0,77,293.15,5
matara,LK,1615977651,5.9485,80.5353,100,68,301.99,1.66
kismayo,SO,1615977651,-0.3582,42.5454,67,61,303.02,6.18
hermanus,ZA,1615977652,-34.4187,19.2345,20,64,298.15,2.24
iquitos,PE,1615977653,-3.7481,-73.2472,40,94,296.15,0.59
geraldton,AU,1615977193,-28.7667,114.6,0,73,298.15,9.77
mareeba,AU,1615977265,-17,145.4333,14,78,300.15,1.54
impfondo,CG,1615977655,1.6381,18.0667,100,88,296.03,0.73
chokurdakh,RU,1615977656,70.6333,147.9167,41,87,249.05,3.96
rafai,CF,1615977657,4.95,23.9167,100,48,304.21,2.3
ahmadpur,IN,1615977657,18.7,76.9333,74,20,310.15,1.03
pisco,PE,1615977143,-13.7,-76.2167,0,77,293.15,2.57
east london,ZA,1615977659,-33.0153,27.9116,20,73,297.15,3.6
baruun-urt,MN,1615977659,46.6806,113.2792,100,33,271.84,2.93
mpanda,TZ,1615977660,-6.3655,31.0409,99,56,301.6,1.61
saldanha,ZA,1615977661,-33.0117,17.9442,0,66,302.15,1.03
myitkyina,MM,1615977661,25.3833,97.4,0,19,307.14,0.83
itarema,BR,1615977662,-2.9248,-39.9167,58,81,299.72,4.04
menongue,AO,1615977663,-14.6585,17.691,100,67,299.01,1.12
teya,RU,1615977664,60.3778,92.6267,100,89,266.79,3.6
caravelas,BR,1615977665,-17.7125,-39.2481,20,76,299.97,2.28
hobyo,SO,1615977213,5.3505,48.5268,56,67,302.56,7.64
pontianak,ID,1615977160,-0.0333,109.3333,75,84,302.15,5.14
mahebourg,MU,1615977667,-20.4081,57.7,75,62,303.15,5.66
zaranj,AF,1615977667,30.9667,61.8833,0,14,304.15,4.12
bejar,ES,1615977668,40.3864,-5.7634,0,53,287.04,1.79
arequipa,PE,1615977669,-16.3989,-71.535,99,85,286.79,0.03
ponta do sol,PT,1615977102,32.6667,-17.1,20,37,294.15,5.66
qaanaaq,GL,1615977670,77.484,-69.3632,93,98,251.04,2.24
zhigansk,RU,1615977159,66.7697,123.3711,84,91,242.21,4.42
galveston,US,1615977672,29.3669,-94.9669,90,88,294.82,6.69
pevek,RU,1615977673,69.7008,170.3133,100,98,245.12,1.82
maceio,BR,1615977673,-9.6658,-35.7353,40,94,296.15,3.09
bosconia,CO,1615977674,9.9689,-73.8836,100,75,297.36,1.61
san javier,ES,1615977675,37.8063,-0.8374,20,63,290.93,2.06
sao joao da barra,BR,1615977675,-21.6403,-41.0511,0,88,297.15,5.24
tuatapere,NZ,1615977112,-46.1333,167.6833,6,80,281.48,0.45
arlit,NE,1615977677,18.7369,7.3853,0,8,310.12,5.35
klaksvik,FO,1615977677,62.2266,-6.589,20,100,281.15,2.06
vao,NC,1615977294,-22.6667,167.4833,9,82,298.22,10.71
tanete,ID,1615977679,-3.9443,119.7848,100,90,298.63,1.56
honningsvag,NO,1615977679,70.9821,25.9704,75,80,269.15,12.86
portland,US,1615977388,45.5234,-122.6762,1,75,276.48,0.43
arica,CL,1615977467,-18.475,-70.3042,0,72,292.15,1.54
roald,NO,1615977220,62.5833,6.1333,75,70,277.04,4.12
ribeira grande,PT,1615976905,38.5167,-28.7,40,88,289.15,8.75
sinnamary,GF,1615977683,5.3833,-52.95,92,78,298.58,4.46
codrington,AU,1615977123,-38.2667,141.9667,42,66,291.47,3.11
jamestown,US,1615977684,42.097,-79.2353,90,100,273.15,1.26
standish,US,1615977685,43.9831,-83.9589,90,93,271.15,0.66
puerto ayora,EC,1615977685,-0.7393,-90.3518,93,94,297.04,2.12
kwinana,AU,1615977686,-32.25,115.7667,13,69,298.15,5.66
saint-joseph,RE,1615977158,-21.3667,55.6167,20,66,303.15,10.29
coihaique,CL,1615977687,-45.5752,-72.0662,2,91,277.97,1.21
dahra,DZ,1615977688,36.2546,0.8519,0,36,290.15,6.69
laguna,US,1615977689,38.421,-121.4238,1,81,278.71,1.54
desaguadero,PE,1615977689,-16.5656,-69.0417,76,81,279.68,0.44
fiche,ET,1615977690,9.8,38.7333,72,21,295.51,3.62
lagoa,PT,1615977691,39.05,-27.9833,100,78,288.56,9.62
vanimo,PG,1615977692,-2.6741,141.3028,100,83,298.23,1.5
leer,DE,1615977693,53.2316,7.461,100,78,279.82,1.79
valparaiso,CL,1615977694,-33.0393,-71.6273,40,88,287.15,1.99
kenora,CA,1615977568,49.8167,-94.4337,90,74,273.15,1.54
cidreira,BR,1615977135,-30.1811,-50.2056,87,85,296.83,4.02
hay river,CA,1615977241,60.8156,-115.7999,94,78,260.15,3.09
meulaboh,ID,1615977197,4.1363,96.1285,42,78,300.22,3.44
aksarka,RU,1615977696,66.5606,67.7975,95,94,253.78,5.06
saint-augustin,CA,1615977141,51.226,-58.6502,27,81,250.31,3.31
yen bai,VN,1615977698,21.7,104.8667,77,74,299.79,1.87
pangai,TO,1615977699,-19.8,-174.35,0,69,300.37,2.2
newport,GB,1615977119,51.5877,-2.9984,62,54,286.48,0.89
kargasok,RU,1615977700,59.0556,80.8572,100,89,267.52,5.92
huarmey,PE,1615977674,-10.0681,-78.1522,89,80,294.96,3.64
jeremie,HT,1615977701,18.65,-74.1167,62,81,296.49,1.81
grindavik,IS,1615977702,63.8424,-22.4338,90,100,281.15,9.77
gweta,BW,1615977703,-20.1833,25.2333,43,37,303.5,3.7
ejura,GH,1615977704,7.3856,-1.3562,72,52,304.9,3.33
necochea,AR,1615977704,-38.5473,-58.7368,100,78,288.15,5.36
verkhoyansk,RU,1615977705,67.5447,133.385,100,74,259.19,5.22
kedrovyy,RU,1615977706,56.1667,91.8167,0,43,270.15,5
clyde river,CA,1615977706,70.4692,-68.5914,1,68,241.15,2.06
goundam,ML,1615977707,16.4145,-3.6708,0,8,306.78,6.49
bengkulu,ID,1615977708,-3.8004,102.2655,89,76,300.58,1.87
port alfred,ZA,1615977709,-33.5906,26.891,90,82,296.48,0.89
ambulu,ID,1615977709,-8.345,113.6058,94,87,299.44,0.3
half moon bay,US,1615977469,37.4636,-122.4286,90,87,279.82,0.44
karratha,AU,1615977711,-20.7377,116.8463,53,59,303.29,3.77
port macquarie,AU,1615977711,-31.4333,152.9167,97,99,292.04,0.45
san cristobal,VE,1615977713,7.7669,-72.225,86,94,291.5,0.49
stornoway,GB,1615977713,58.2093,-6.3865,75,81,283.15,3.6
elko,US,1615977714,41.0002,-115.5012,48,88,274.26,1.79
trairi,BR,1615977715,-3.2778,-39.2689,7,83,299.76,3.26
lorengau,PG,1615977715,-2.0226,147.2712,63,75,300.62,1.8
nishihara,JP,1615977716,26.1842,127.7558,75,73,296.15,2.57
faanui,PF,1615977717,-16.4833,-151.75,78,76,300.93,4.58
uusikaupunki,FI,1615977718,60.8004,21.4084,90,80,273.15,3.09
nicolas bravo,MX,1615977719,18.45,-88.9167,28,83,298.71,3.13
touros,BR,1615977719,-5.1989,-35.4608,40,83,297.15,2.06
halifax,CA,1615977709,44.6453,-63.5724,20,73,266.15,2.06
tiksi,RU,1615977721,71.6872,128.8694,100,99,246.95,3.55
arraial do cabo,BR,1615977722,-22.9661,-42.0278,40,94,297.15,5.66
sisimiut,GL,1615977723,66.9395,-53.6735,89,84,258.53,3.5
govindgarh,IN,1615977723,27.5,76.9833,100,11,309.08,3.64
inhambane,MZ,1615977724,-23.865,35.3833,20,62,304.15,4.12
thompson,CA,1615977725,55.7435,-97.8558,40,54,268.15,2.57
narsaq,GL,1615977726,60.9167,-46.05,90,80,273.15,1.03
shumikha,RU,1615977496,55.2261,63.2961,12,75,272.43,5.43
parkes,AU,1615977727,-33.1333,148.1833,100,90,290.37,3.49
auchel,FR,1615977728,50.5034,2.4735,100,85,282.04,4.47
lake havasu city,US,1615977671,34.4839,-114.3224,1,34,284.82,1.54
paysandu,UY,1615977725,-32.3214,-58.0756,38,90,291.48,3.13
buchanan,LR,1615977729,5.8808,-10.0467,89,77,301.71,3.55
yulara,AU,1615977730,-25.2406,130.9889,39,10,300.15,3.09
marzuq,YE,1615977731,14.4,46.4667,93,8,304.43,4.62
challans,FR,1615977731,46.8436,-1.8749,0,47,287.04,5.14
lata,PT,1615977732,40.1629,-8.3327,0,58,289.26,4.47
emerald,AU,1615977223,-23.5333,148.1667,75,83,297.15,2.57
sarmanovo,RU,1615977733,55.2553,52.5891,0,50,271.15,4
khatanga,RU,1615977734,71.9667,102.5,100,92,242.44,6.56
mantua,IT,1615977735,45.1667,10.7833,5,29,287.04,2.24
kalmunai,LK,1615977219,7.4167,81.8167,69,70,301.42,5.1
fairbanks,US,1615977611,64.8378,-147.7164,75,78,255.37,2.57
rawlins,US,1615977737,41.7911,-107.2387,90,86,268.15,3.09
pachino,IT,1615977738,36.7186,15.0907,75,41,286.15,2.06
xining,CN,1615977739,36.6167,101.7667,0,34,283.83,3.63
bathsheba,BB,1615977739,13.2167,-59.5167,20,69,297.15,6.17
campbellsville,US,1615977740,37.3434,-85.3419,1,100,281.15,2.06
chuy,UY,1615977172,-33.6971,-53.4616,80,91,294.26,4.25
cherskiy,RU,1615977741,68.75,161.3,22,96,243.56,2.09
rio gallegos,AR,1615977700,-51.6226,-69.2181,0,57,282.15,10.8
kampot,KH,1615977743,10.6167,104.1833,20,65,302.15,3.09
marietta,US,1615977645,33.9526,-84.5499,90,100,283.15,2
nhulunbuy,AU,1615977029,-12.2333,136.7667,22,78,301.15,2.57
belle fourche,US,1615977640,44.6714,-103.8522,90,86,273.15,5.14
sabang,ID,1615977280,5.8933,95.3214,98,64,301.84,1.31
nanortalik,GL,1615977745,60.1432,-45.2371,100,95,272.72,6.24
salou,ES,1615977746,41.0766,1.1416,0,45,291.15,8.75
kerrville,US,1615977747,30.0474,-99.1403,90,76,285.15,4.12
rudnogorsk,RU,1615977748,57.2639,103.7519,100,90,263.46,1.58
nuevo casas grandes,MX,1615977748,30.4167,-107.9167,0,43,275.5,0.93
virginia beach,US,1615977596,36.8529,-75.978,90,87,281.15,6.69
foz do iguacu,BR,1615977750,-25.5478,-54.5881,75,100,293.15,1.54
fershampenuaz,RU,1615977751,53.5202,59.8117,75,78,269.09,4.31
baglung,NP,1615977752,28.2719,83.5898,16,16,299.37,2.64
nouadhibou,MR,1615977753,20.931,-17.0347,0,83,293.15,6.17
kaeo,NZ,1615977754,-35.1,173.7833,32,91,290.93,4.63
tura,IN,1615977612,25.5198,90.2201,0,13,304.43,1.85
barcelos,PT,1615977598,41.5388,-8.6151,0,42,291.15,5.66
omboue,GA,1615977756,-1.5746,9.2618,100,81,297.59,3.78
araouane,ML,1615977756,18.9048,-3.5265,0,12,303.27,3.36
tasiilaq,GL,1615977757,65.6145,-37.6368,100,92,272.48,8.8
san juan,AR,1615977691,-31.5375,-68.5364,92,47,291.97,6.11
ponta delgada,PT,1615976872,37.7333,-25.6667,75,72,287.15,5.14
guerrero negro,MX,1615977759,27.9769,-114.0611,0,88,284.85,4.91
deshnok,IN,1615977760,27.7986,73.3447,88,9,308.63,4.74
umm kaddadah,SD,1615977760,13.6017,26.6876,86,5,313.04,6.81
talnakh,RU,1615977762,69.4865,88.3972,100,79,249.07,3.88
smithers,CA,1615977662,54.7804,-127.1743,40,75,275.15,4.12
bethel,US,1615977763,41.3712,-73.414,86,91,272.59,0.64
dikson,RU,1615977764,73.5069,80.5464,30,98,242.11,3.55
namatanai,PG,1615977765,-3.6667,152.4333,89,74,300.32,2.49
vardo,NO,1615977766,70.3705,31.1107,75,93,267.15,12.35
nago,JP,1615977766,26.5881,127.9761,1,73,296.15,3.6
saint george,US,1615977767,37.1041,-113.5841,1,93,277.04,3.09
deputatskiy,RU,1615977768,69.3,139.9,100,98,251.62,1.86
huanren,CN,1615977768,41.2647,125.3667,20,49,275.21,1.1
kodiak,US,1615977769,57.79,-152.4072,1,50,270.15,2.57
provideniya,RU,1615977770,64.3833,-173.3,18,88,253.42,4.44
batemans bay,AU,1615977771,-35.7167,150.1833,100,85,291.48,0.89
datong,CN,1615977772,40.0936,113.2914,100,73,278.55,2.2
turbat,PK,1615977773,26.0023,63.044,0,10,309.14,3.64
kaitangata,NZ,1615977774,-46.2817,169.8464,12,75,283.71,1.79
vicosa do ceara,BR,1615977775,-3.5622,-41.0922,78,89,294.65,1.73
matagalpa,NI,1615977775,12.9256,-85.9175,28,96,288.34,1.77
port lincoln,AU,1615977776,-34.7333,135.8667,0,83,291.33,3.94
kongolo,CD,1615977777,-5.3833,27,100,79,299.47,1.59
bilma,NE,1615977778,18.6853,12.9164,0,12,305.61,5.95
kasempa,ZM,1615977779,-13.4584,25.8338,99,80,296.1,1.31
abha,SA,1615977281,18.2164,42.5053,0,12,301.15,7.2
orocue,CO,1615977780,4.7912,-71.3354,100,87,296.31,2.89
roma,US,1615977247,43.2128,-75.4557,90,33,280.15,2.57
aklavik,CA,1615977184,68.2191,-135.0107,67,77,249.15,1.54
new norfolk,AU,1615977782,-42.7826,147.0587,0,67,289.15,1.03
lucapa,AO,1615977782,-8.4192,20.7447,100,60,300.24,2.35
tanout,NE,1615977783,14.9709,8.8879,23,8,308.89,5.67
luderitz,NA,1615977784,-26.6481,15.1594,0,62,295.19,6.22
port augusta,AU,1615977785,-32.5,137.7667,0,73,295.37,5.14
cap-chat,CA,1615977786,49.1001,-66.6821,98,53,264.15,4.63
basoko,CD,1615977786,1.2391,23.616,100,88,297.5,0.85
hamilton,US,1615977043,39.1834,-84.5333,90,100,279.26,2.57
kyaikto,MM,1615977788,17.3,97.0167,7,42,304.85,5.06
taitung,TW,1615977788,22.7583,121.1444,75,88,297.15,1.54
janakkala,FI,1615977789,60.9,24.6,89,87,275.37,3.37
katsuura,JP,1615977790,35.1333,140.3,20,41,288.15,6.17
araxa,BR,1615977790,-19.5933,-46.9406,52,88,292.81,1.71
lere,NG,1615977791,10.387,8.5726,33,12,312.56,0.45
vila franca do campo,PT,1615977792,37.7167,-25.4333,75,63,288.15,4.63
abu samrah,SY,1615977793,35.3029,37.1841,1,40,290.5,10.36
khasan,RU,1615977793,42.4308,130.6434,0,60,275.27,0.81
san rafael del sur,NI,1615977794,11.8485,-86.4384,20,83,295.15,3.09
pafos,CY,1615977795,34.7667,32.4167,75,77,289.15,6.69
tacna,PE,1615977796,-18.0056,-70.2483,0,72,292.15,1.54
olga,RU,1615977797,43.7444,135.2892,0,69,272.72,3.27
kailua,US,1615977798,21.4022,-157.7394,90,83,295.15,6.17
ahipara,NZ,1615976948,-35.1667,173.1667,4,85,288.82,2.09
coquimbo,CL,1615977799,-29.9533,-71.3436,0,76,286.15,1.03
shelburne,CA,1615977800,44.0787,-80.2041,77,70,273.15,0.85
roebourne,AU,1615977800,-20.7833,117.1333,57,62,303.12,4.24
dicabisagan,PH,1615977801,17.0818,122.4157,87,89,299.46,1.52
lompoc,US,1615977587,34.6391,-120.4579,1,93,278.71,1.54
esso,RU,1615977802,55.9333,158.7,100,93,268.65,1.06
kerema,PG,1615977803,-7.9631,145.7785,100,82,298.72,1.55
marienburg,PL,1615977804,54.0359,19.0266,79,100,277.59,5.59
port shepstone,ZA,1615977805,-30.7414,30.455,100,77,297.11,4.02
iracoubo,GF,1615977806,5.4802,-53.2011,65,76,298.59,4.73
ust-barguzin,RU,1615977806,53.45,108.9833,26,90,261.82,0.59
moron,AR,1615977807,-34.6534,-58.6198,90,88,291.15,5.14
kushima,JP,1615977555,31.4583,131.2333,75,77,291.15,1.54
puerto maldonado,PE,1615977808,-12.6,-69.1833,98,97,294.95,0.97
krasnoarmeysk,RU,1615977809,51.0239,45.6969,100,87,270.93,1.79
auki,SB,1615977810,-8.7676,160.7034,77,80,298.86,0.93
sorong,ID,1615977811,-0.8833,131.25,99,73,301.61,1.46
mouila,GA,1615977811,-1.8685,11.0559,100,70,301.28,1.32
labuhan,ID,1615977812,-6.8844,112.2051,77,77,300.61,1.59
lorica,CO,1615977724,9.2365,-75.8135,100,83,298.59,1.44
karangampel,ID,1615977813,-6.4622,108.4519,99,72,300.9,0.9
minas,UY,1615977626,-34.3759,-55.2377,75,94,293.15,5.14
itoigawa,JP,1615977815,37.0333,137.85,62,73,275.93,2.73
arkhangelsk,RU,1615977815,64.5401,40.5433,75,86,269.15,5
bogense,DK,1615977816,55.5669,10.0886,75,93,278.71,2.57
bela,IN,1615977817,25.9333,81.9833,24,9,309.93,5.7
mar del plata,AR,1615977552,-38.0023,-57.5575,90,88,289.15,12.35
flinders,AU,1615977818,-34.5833,150.8552,100,85,293.71,1.79
tilichiki,RU,1615977819,60.4667,166.1,60,84,254.5,4.91
dinghai,CN,1615977819,26.2847,119.7936,90,88,288.15,5
kuala terengganu,MY,1615977820,5.3302,103.1408,20,66,303.15,3.6
whitehorse,CA,1615977821,60.7161,-135.0538,90,57,264.26,1.03
eyl,SO,1615977822,7.9803,49.8164,10,55,303.37,7.79
husavik,IS,1615977823,66.0449,-17.3389,75,71,282.15,9.26
nang rong,TH,1615977824,14.6377,102.7914,20,67,310.15,1.03
manta,EC,1615977825,-0.95,-80.7333,100,89,297.42,1.2
luganville,VU,1615977826,-15.5333,167.1667,100,82,299.01,1.59
souillac,MU,1615977826,-20.5167,57.5167,75,62,303.15,5.66
oktyabrskiy,RU,1615977827,54.4815,53.471,100,78,268.34,3.84
baiima,SL,1615977829,8.1,-11.85,72,45,304.17,1.46
poum,NC,1615977829,-20.2333,164.0167,55,76,299.96,3.92
saint-philippe,RE,1615977830,-21.3585,55.7679,20,55,304.15,6.69
chippewa falls,US,1615977831,44.9369,-91.3929,90,93,272.59,0.62
manakara,MG,1615977832,-22.1333,48.0167,63,86,299.65,4.11
balikpapan,ID,1615977795,-1.2675,116.8289,40,70,303.15,2.06
aswan,EG,1615977833,24.0934,32.907,0,13,306.81,6.59
edmundston,CA,1615977834,47.3737,-68.3251,88,85,265.15,0.51
saint anthony,US,1615977234,45.0205,-93.218,90,93,273.71,1.54
kimbe,PG,1615977835,-5.5502,150.1429,100,87,298.93,1.01
atar,MR,1615977836,20.5169,-13.0499,99,8,305.32,4.95
torbay,CA,1615977837,47.6666,-52.7314,20,73,267.59,8.23
kokstad,ZA,1615977577,-30.5472,29.4241,49,49,299.46,0.78
umuarama,BR,1615977838,-23.7664,-53.325,100,92,294.46,2.86
saint-dizier,FR,1615977839,48.4167,5.0833,90,76,280.15,5.14
springbok,ZA,1615977840,-29.6643,17.8865,0,31,299.29,5.19
sur,OM,1615977840,22.5667,59.5289,13,42,302.92,3.16
dawei,MM,1615977841,14.0833,98.2,100,58,302.3,2.47
ericeira,PT,1615977842,38.9627,-9.4156,0,44,292.04,6.17
reconquista,AR,1615977842,-29.15,-59.65,11,92,290.29,5.23
olive branch,US,1615977843,34.9618,-89.8295,90,83,294.15,3.09
santa cruz de la palma,ES,1615977844,28.6835,-17.7642,20,64,294.15,6.17
leningradskiy,RU,1615977845,69.3833,178.4167,100,89,250.56,10.1
loudi,CN,1615977845,27.7344,111.9944,94,87,288.95,2.9
olafsvik,IS,1615977846,64.8945,-23.7142,100,96,279.56,7.79
westport,US,1615977847,41.1415,-73.3579,90,60,274.26,2.57
takoradi,GH,1615977847,4.8845,-1.7554,100,74,302.03,5.27
pitimbu,BR,1615977849,-7.4706,-34.8086,20,83,298.15,2.06
grootfontein,NA,1615977849,-19.5667,18.1167,41,61,298.15,3.09
ilulissat,GL,1615977850,69.2167,-51.1,90,72,261.15,4.63
long beach,US,1615977817,33.767,-118.1892,1,76,281.15,1.69
polis,CY,1615977851,35.0367,32.4264,75,77,289.15,6.69
san patricio,US,1615977852,28.017,-97.5169,90,94,295.93,7.2
kisangani,CD,1615977853,0.5167,25.2,99,80,297.2,1.44
houma,US,1615977583,29.5958,-90.7195,90,94,296.48,3.6
taywarah,AF,1615977855,33.35,64.4167,5,26,283.82,4.05
vaitape,PF,1615977855,-16.5167,-151.75,77,76,300.93,4.53
iregszemcse,HU,1615977856,46.6929,18.1858,81,52,279.82,6.26
cayenne,GF,1615977595,4.9333,-52.3333,73,94,299.26,4.92
gubkinskiy,RU,1615977857,64.434,76.5026,100,95,270.77,5.75
sao miguel do araguaia,BR,1615977858,-13.275,-50.1628,91,88,296.77,1.46
te anau,NZ,1615977859,-45.4167,167.7167,2,91,278.59,1.41
pervomayskoye,RU,1615977860,43.919,46.7102,27,55,286.79,3.55
papara,BR,1615977861,-3.9839,-38.7273,75,94,298.71,6.17
constantine,DZ,1615977862,36.365,6.6147,75,76,282.15,4.12
merauke,ID,1615977862,-8.4667,140.3333,100,79,299.97,0.86
rock springs,US,1615977863,41.5875,-109.2029,90,93,271.48,1.54
ossora,RU,1615977864,59.2353,163.0719,100,93,264.43,4.51
vetlanda,SE,1615977864,57.4289,15.0776,40,56,280.37,2.57
piacabucu,BR,1615977866,-10.4056,-36.4344,21,68,300.78,2.5
turkistan,KZ,1615977866,43,68,0,40,278.78,11.94
barao de melgaco,BR,1615977867,-16.1944,-55.9675,0,94,297.15,1.03
rochegda,RU,1615977868,62.8,43.25,97,98,273.5,1.35
goderich,CA,1615977869,43.7501,-81.7165,16,86,274.15,2.06
bosaso,SO,1615977290,11.2842,49.1816,0,74,301.15,6.69
teahupoo,PF,1615977870,-17.8333,-149.2667,0,73,299.15,1.03
akureyri,IS,1615977871,65.6835,-18.0878,75,71,282.15,9.26
surt,LY,1615977872,31.2089,16.5887,39,56,289.36,7.78
aykhal,RU,1615977873,66,111.5,0,85,242.55,2.81
otjiwarongo,NA,1615977873,-20.4637,16.6477,100,57,296.91,3.45
kangaatsiaq,GL,1615977874,68.3065,-53.4641,100,89,258.82,1.88
khani,GE,1615977875,41.9563,42.9566,0,42,292.15,9.77
callaguip,PH,1615977876,18.0714,120.4867,40,79,302.15,3.09
ngorongoro,TZ,1615977877,-3.2397,35.4875,7,48,294.17,2.82
civitavecchia,IT,1615977878,42.0933,11.7967,41,43,284.26,1.34
weymouth,US,1615977749,42.2209,-70.9398,7,64,273.15,5.14
beisfjord,NO,1615977879,68.3751,17.5988,75,80,272.15,3.09
lyubytino,RU,1615977880,58.8122,33.3922,100,89,275.1,2.15
port-gentil,GA,1615977881,-0.7193,8.7815,40,66,303.15,0.51
cabo san lucas,MX,1615977742,22.8909,-109.9124,0,83,289.26,2.24
goundi,TD,1615977882,9.3627,17.366,74,19,311.94,3.44
nome,US,1615977883,64.5011,-165.4064,90,85,262.59,5.66
pascagoula,US,1615977883,30.3658,-88.5561,90,94,296.15,3.09
zhezkazgan,KZ,1615977884,47.8043,67.7144,0,67,266.92,2.58
dunedin,NZ,1615977885,-45.8742,170.5036,8,71,284.26,0.89
lufilufi,WS,1615977886,-13.8745,-171.5986,40,94,298.15,2.57
asau,RO,1615977886,46.4333,26.4,100,68,275.37,4.78
benito juarez,MX,1615977887,19.385,-99.165,1,48,289.15,1.54
shenjiamen,CN,1615977888,29.9576,122.298,99,83,282.77,5.8
los llanos de aridane,ES,1615977888,28.6585,-17.9182,20,64,294.15,6.17
beidao,CN,1615977889,34.5686,105.8933,95,60,288.94,2.21
matay,EG,1615977890,28.419,30.7792,0,18,298.34,4.69
nadaun,IN,1615977891,31.7833,76.35,46,14,303.86,4.15
buliwao,PH,1615977891,16.4833,121.2333,100,95,296.79,2.24
mehamn,NO,1615977892,71.0357,27.8492,75,68,269.15,14.92
meybod,IR,1615977893,32.2501,54.0166,75,22,299.15,3.09
panguna,PG,1615977894,-6.3164,155.4848,82,95,293.91,0.24
manbij,SY,1615977895,36.5281,37.9549,75,47,287.15,6.17
zhoucheng,CN,1615977895,35.9122,116.3117,66,35,286.78,2.01
santa cruz,BO,1615977631,-17.8,-63.1667,75,94,297.15,7.72
placido de castro,BR,1615977897,-10.3353,-67.1856,52,98,294.89,1.01
svobodnyy,RU,1615977897,51.4,128.1333,40,81,265.14,2.74
omaha,US,1615977701,41.2586,-95.9378,90,100,278.15,5.14
dhandhuka,IN,1615977899,22.3667,71.9833,0,9,311.83,4.49
balabac,PH,1615977899,7.9868,117.0645,35,75,300.95,2.8
loiza,PR,1615977900,18.4313,-65.8802,90,78,298.15,6.69
ulladulla,AU,1615977901,-35.35,150.4667,75,94,291.15,3.6
taoudenni,ML,1615977902,22.6783,-3.9836,0,14,302.07,4.15
mulege,MX,1615977902,26.8833,-111.9833,0,64,283.23,2.34
den helder,NL,1615977644,52.9599,4.7593,90,81,279.26,4.12
carbonia,IT,1615977904,39.1672,8.5222,40,58,289.26,1.03
nizhniy tsasuchey,RU,1615977904,50.5167,115.1333,44,79,265.9,1.94
sungai padi,TH,1615977905,6.0851,101.8766,20,70,302.15,5.14
talcahuano,CL,1615977906,-36.7167,-73.1167,0,100,284.15,1.54
muros,ES,1615977906,42.7762,-9.0603,11,54,290.37,4.92
thunder bay,CA,1615977907,48.4001,-89.3168,90,80,272.59,1.54
toora-khem,RU,1615977908,52.4675,96.11,99,83,265.39,1.31
kieta,PG,1615977909,-6.2167,155.6333,86,81,299.69,0.81
shache,CN,1615977910,38.4167,77.2406,29,15,290,3.75
el bosque,MX,1615977911,17.0667,-92.7333,0,84,286.85,2.06
pronsk,RU,1615977911,54.1048,39.6092,98,96,272.4,3.9
raudeberg,NO,1615977912,61.9875,5.1352,88,79,277.59,4.31
sao sebastiao,BR,1615977913,-23.76,-45.4097,44,82,298.21,0.94
lobatse,BW,1615977913,-25.2167,25.6667,67,31,301.7,4.38
ngunguru,NZ,1615977914,-35.6167,174.5,31,91,290.93,5.33
the pas,CA,1615977915,53.8251,-101.2541,1,68,267.15,2.06
moose factory,CA,1615977916,51.2585,-80.6094,75,92,263.15,2.57
todos santos,MX,1615977916,23.45,-110.2167,0,90,287.59,1.79
huntsville,US,1615977839,34.7304,-86.5861,90,100,287.59,4.73
muzhi,RU,1615977918,65.3667,64.6667,99,94,261.4,1.87
mount isa,AU,1615977918,-20.7333,139.5,56,32,303.15,3.6
mokhsogollokh,RU,1615977919,61.4681,128.9203,97,91,263.46,2.25
dickinson,US,1615977633,29.4608,-95.0513,90,94,295.37,6.17
xinye,CN,1615977920,32.5186,112.3522,100,72,285.4,3.7
la asuncion,VE,1615977921,11.0333,-63.8628,95,100,297.15,3.6
cine,TR,1615977627,37.6117,28.0614,75,62,284.15,0.51
margate,GB,1615977922,51.3813,1.3862,100,73,282.04,2.24
guajara,BR,1615977923,-2.9667,-57.6667,95,91,297.17,1.52
dalhousie,IN,1615977924,32.5333,75.9833,89,24,290.86,2.41
pervomayskiy,RU,1615977924,53.2485,40.2871,100,75,272.04,4.48
sawankhalok,TH,1615977925,17.316,99.8319,20,49,309.82,1.54
marrakesh,MA,1615977706,31.6315,-8.0083,40,43,295.15,1.54
barguzin,RU,1615977926,53.6167,109.6167,72,91,262.66,0.97
najran,SA,1615977927,17.4924,44.1277,0,12,306.15,3.09
strathmore,CA,1615977904,51.0501,-113.3852,0,80,271.15,1.03
freeport,US,1615977928,40.6576,-73.5832,90,64,275.93,2.57
pineville,US,1615977650,31.3224,-92.4343,75,83,295.15,5.66
urucara,BR,1615977930,-2.5364,-57.76,75,91,296.88,1.32
chara,RU,1615977930,56.9064,118.2631,8,68,260.12,1.41
kyshtym,RU,1615977931,55.714,60.5528,100,67,272.81,4.31
tocaima,CO,1615977932,4.4582,-74.6343,75,100,283.15,1.54
sangar,RU,1615977932,63.9242,127.4739,100,96,260.59,2.15
forbes,AU,1615977933,-33.3833,148.0167,100,90,290.37,3.37
santa rita,BR,1615977662,-7.1139,-34.9781,20,83,298.15,2.06
severomuysk,RU,1615977934,56.1481,113.4267,75,96,253.86,1.79
hirara,JP,1615977935,24.8,125.2833,75,94,296.15,3.09
sulina,RO,1615977936,45.1559,29.6536,25,75,281.28,4.4
rio grande,BR,1615977660,-32.035,-52.0986,66,88,296.48,5.68
bronkhorstspruit,ZA,1615977937,-25.8102,28.7425,5,64,297.59,3.09
aragats,AM,1615977938,40.4889,44.3528,94,36,290.15,2.06
goba,ET,1615977939,7.0167,39.9833,98,75,288.31,2.69
oistins,BB,1615977940,13.0667,-59.5333,20,69,297.15,6.17
bandarbeyla,SO,1615977941,9.4942,50.8122,91,63,300.99,6.33
naze,JP,1615977941,28.3667,129.4833,75,83,295.15,2.06
santa isabel do rio negro,BR,1615977942,-0.4139,-65.0192,100,99,295.57,1.04
tezu,IN,1615977943,27.9167,96.1667,0,22,304.72,1.58
flin flon,CA,1615977943,54.7682,-101.865,3,95,267.31,2.34
khairpur nathan shah,PK,1615977944,27.0936,67.7337,3,7,311.26,1.81
alice springs,AU,1615977725,-23.7,133.8833,35,33,295.15,2.57
slave lake,CA,1615977946,55.2834,-114.769,75,80,268.15,2.57
tamiahua,MX,1615977946,21.2667,-97.45,0,94,295.63,3.01
innisfail,AU,1615977947,-17.5333,146.0333,9,84,297.63,0.5
constitucion,CL,1615977948,-35.3333,-72.4167,2,83,285.43,1.51
khargone,IN,1615977949,21.8167,75.6,26,12,310.74,0.21
havre-saint-pierre,CA,1615977950,50.2334,-63.5986,90,61,258.15,2.57
zyryanka,RU,1615977950,65.75,150.85,7,87,251.88,4.53
paamiut,GL,1615977951,61.994,-49.6678,100,87,265.04,8.34
verkhnevilyuysk,RU,1615977952,63.4453,120.3167,100,95,256.83,4.01
remanso,BR,1615977953,-9.6179,-42.0831,9,61,298.17,6.28
yerbogachen,RU,1615977953,61.2767,108.0108,100,90,264.79,3.61
atasu,KZ,1615977676,48.6814,71.6433,0,78,264.42,1.22
sawtell,AU,1615977954,-30.3833,153.1,40,68,296.15,5.14
shingu,JP,1615977955,33.7333,135.9833,40,38,287.15,6.17
isangel,VU,1615977956,-19.55,169.2667,2,85,298.56,3.68
komsomolskiy,UZ,1615977957,40.4272,71.7189,75,81,278.15,1.03
katsina,NG,1615977958,12.9894,7.6006,47,8,310.66,3.63
myskhako,RU,1615977958,44.6714,37.7433,75,67,286.15,6
hambantota,LK,1615977959,6.1241,81.1185,40,70,305.15,2.57
hovd,MN,1615977960,48.0056,91.6419,79,46,269.41,3.81
changli,CN,1615977960,39.7042,119.1506,55,26,280.46,2.86
sweetwater,US,1615977961,25.7634,-80.3731,40,78,297.04,3.6
kenai,US,1615977962,60.5544,-151.2583,90,84,263.15,1.54
petropavlovsk-kamchatskiy,RU,1615977963,53.0452,158.6483,75,87,275.15,3
martapura,ID,1615977964,-3.4167,114.85,40,74,303.15,2.57
altamirano,MX,1615977965,16.8833,-92.15,1,95,284.84,1.49
srednekolymsk,RU,1615977965,67.45,153.6833,0,81,249.59,2.09
winnemucca,US,1615977966,40.973,-117.7357,90,86,272.15,1.54
breves,BR,1615977967,-1.6822,-50.4803,98,94,296.81,1.56
umm lajj,SA,1615977968,25.0213,37.2685,0,66,298.42,5.87
san ramon,US,1615977969,37.7799,-121.978,1,93,278.15,0.13
port hawkesbury,CA,1615977970,45.6169,-61.3485,1,56,262.59,3.09
hualmay,PE,1615977970,-11.0964,-77.6139,100,81,294.81,3.46
sidi ali,DZ,1615977971,36.0998,0.4206,93,46,288.96,3.94
vanavara,RU,1615977972,60.34,102.2797,100,94,264.82,2.6
zapolyarnyy,RU,1615977972,69.4154,30.8136,40,79,265.15,12.86
shahrud,IR,1615977973,36.4182,54.9763,93,38,289.51,4.22
prince rupert,CA,1615977974,54.3161,-130.3201,90,81,279.15,7.2
jiaozuo,CN,1615977975,35.2397,113.2331,77,23,287.82,4.08
ourinhos,BR,1615977744,-22.9789,-49.8706,80,91,295.03,1.39
gushikawa,JP,1615977976,26.3544,127.8686,1,73,296.15,3.6
holbaek,DK,1615977977,55.7167,11.7167,75,61,281.15,2.06
ajmer,IN,1615977977,26.45,74.6333,100,11,307.25,4.64
la presa,US,1615977978,32.7081,-116.9973,1,93,282.15,0.95
egvekinot,RU,1615977979,66.3167,-179.1667,1,79,248.21,4
andros town,BS,1615977979,24.7,-77.7667,20,94,293.15,0.51
xuanhua,CN,1615977790,40.6103,115.0447,99,42,282.06,4.06
sambava,MG,1615977981,-14.2667,50.1667,78,70,302.44,4.44
katherine,AU,1615977981,-14.4667,132.2667,95,58,303.15,3.6
sakakah,SA,1615977733,29.9697,40.2064,0,17,299.15,3.18
tateyama,JP,1615977983,34.9833,139.8667,67,27,288.71,2.68
madera,US,1615977984,37.1666,-119.8343,1,87,275.93,1.86
heihe,CN,1615977985,50.2441,127.4902,20,50,270.15,1.78
presidencia roque saenz pena,AR,1615977986,-26.7852,-60.4388,73,95,291.48,2.24
marin,US,1615977987,38.0666,-122.7344,1,100,275.93,2.06
talaya,RU,1615977987,61.3833,152.75,79,99,248.88,1.63
althofen,AT,1615977988,46.8818,14.4676,40,45,279.82,2.57
rorvik,NO,1615977989,64.8621,11.2373,75,93,276.15,7.2
high level,CA,1615977989,58.5169,-117.136,1,74,269.15,2.06
saint-pierre,RE,1615977990,-21.3393,55.4781,20,55,304.15,6.69
rundu,NA,1615977991,-17.9333,19.7667,89,40,303.04,3.3
calabozo,VE,1615977773,8.9242,-67.4293,89,69,297.81,3.35
kalabo,ZM,1615977992,-14.97,22.6814,83,59,300.88,3.13
new castle,US,1615977993,41.0037,-80.347,1,86,274.82,0.97
changji,CN,1615977994,44.0167,87.3167,90,86,269.15,3
palu,ID,1615977994,-0.8917,119.8707,82,95,299.22,0.47
tautira,PF,1615977995,-17.7333,-149.15,0,73,299.15,1.03
bafq,IR,1615977996,31.6128,55.4107,27,14,301.31,0.91
cacequi,BR,1615977997,-29.8836,-54.825,100,91,294.18,3.41
stephenville,US,1615977997,32.2207,-98.2023,40,94,287.59,1.54
koryazhma,RU,1615977998,61.3143,47.1691,100,94,273.71,2.54
waingapu,ID,1615977999,-9.6567,120.2641,100,84,299.94,2.46
dashitou,CN,1615978000,43.3067,128.5114,0,58,270.6,3.52
vanderhoof,CA,1615977904,54.0166,-124.0198,100,93,271.67,1.76
